,pred_modA,pred_modB,pred_modC,pred_ensamble
201.png,1248.0,8823.0,8823.0,8823.0
203.png,565.0,4629.0,4629.0,4629.0
204.png,864.0,5581.0,5581.0,5581.0
200.png,434.0,5344.0,5344.0,5344.0
202.png,692.0,7941.0,7941.0,7941.0
231.png,3164.0,4926.0,4926.0,4926.0
223.png,59.0,1151.0,1151.0,1151.0
229.png,0.0,2016.0,2016.0,2016.0
193.png,0.0,2303.0,2303.0,2303.0
196.png,609.0,3640.0,3640.0,3640.0
228.png,0.0,273.0,273.0,273.0
230.png,318.0,1799.0,1799.0,1799.0
222.png,0.0,1278.0,1278.0,1278.0
225.png,248.0,2530.0,2530.0,2530.0
198.png,0.0,3171.0,3171.0,3171.0
220.png,70.0,2187.0,2187.0,2187.0
226.png,0.0,704.0,704.0,704.0
199.png,304.0,3034.0,3034.0,3034.0
221.png,623.0,1784.0,1784.0,1784.0
227.png,12.0,1574.0,1574.0,1574.0
205.png,158.0,4578.0,4578.0,4578.0
197.png,0.0,1678.0,1678.0,1678.0
194.png,2432.0,6207.0,6207.0,6207.0
195.png,2039.0,4260.0,4260.0,4260.0
224.png,188.0,894.0,894.0,894.0
352.png,633.0,3679.0,3679.0,3679.0
353.png,4.0,2720.0,2720.0,2720.0
354.png,186.0,3102.0,3102.0,3102.0
355.png,1.0,1920.0,1920.0,1920.0
357.png,2.0,1819.0,1819.0,1819.0
358.png,25.0,1945.0,1945.0,1945.0
356.png,1587.0,3458.0,3458.0,3458.0
359.png,467.0,4726.0,4726.0,4726.0
362.png,222.0,3633.0,3633.0,3633.0
360.png,1871.0,4676.0,4676.0,4676.0
363.png,136.0,1606.0,1606.0,1606.0
364.png,0.0,2231.0,2231.0,2231.0
361.png,96.0,3604.0,3604.0,3604.0
366.png,78.0,2784.0,2784.0,2784.0
369.png,0.0,1317.0,1317.0,1317.0
367.png,328.0,5463.0,5463.0,5463.0
368.png,1105.0,4711.0,4711.0,4711.0
370.png,132.0,3498.0,3498.0,3498.0
365.png,3808.0,8629.0,8629.0,8629.0
373.png,57.0,2818.0,2818.0,2818.0
372.png,1.0,1519.0,1519.0,1519.0
375.png,83.0,2121.0,2121.0,2121.0
376.png,0.0,1635.0,1635.0,1635.0
371.png,1955.0,5186.0,5186.0,5186.0
374.png,690.0,3791.0,3791.0,3791.0
377.png,786.0,4251.0,4251.0,4251.0
378.png,6085.0,8424.0,8424.0,8424.0
382.png,580.0,3178.0,3178.0,3178.0
381.png,1970.0,4024.0,4024.0,4024.0
380.png,0.0,3286.0,3286.0,3286.0
379.png,650.0,2488.0,2488.0,2488.0
385.png,0.0,2306.0,2306.0,2306.0
386.png,1899.0,4188.0,4188.0,4188.0
383.png,0.0,1121.0,1121.0,1121.0
384.png,0.0,1165.0,1165.0,1165.0
387.png,204.0,2585.0,2585.0,2585.0
388.png,831.0,3006.0,3006.0,3006.0
389.png,0.0,714.0,714.0,714.0
390.png,1477.0,6338.0,6338.0,6338.0
391.png,224.0,1881.0,1881.0,1881.0
392.png,3549.0,7724.0,7724.0,7724.0
393.png,303.0,2138.0,2138.0,2138.0
394.png,2354.0,4982.0,4982.0,4982.0
395.png,17.0,2985.0,2985.0,2985.0
396.png,229.0,1926.0,1926.0,1926.0
397.png,0.0,2020.0,2020.0,2020.0
398.png,1.0,1763.0,1763.0,1763.0
399.png,352.0,2032.0,2032.0,2032.0
400.png,601.0,4655.0,4655.0,4655.0
402.png,279.0,2260.0,2260.0,2260.0
401.png,716.0,1647.0,1647.0,1647.0
404.png,2142.0,5732.0,5732.0,5732.0
403.png,0.0,1410.0,1410.0,1410.0
406.png,1176.0,4549.0,4549.0,4549.0
405.png,613.0,2756.0,2756.0,2756.0
407.png,10.0,2331.0,2331.0,2331.0
408.png,944.0,3171.0,3171.0,3171.0
409.png,939.0,2915.0,2915.0,2915.0
410.png,1970.0,4099.0,4099.0,4099.0
411.png,1510.0,3280.0,3280.0,3280.0
412.png,897.0,3756.0,3756.0,3756.0
413.png,2953.0,7373.0,7373.0,7373.0
414.png,3042.0,8295.0,8295.0,8295.0
415.png,618.0,3837.0,3837.0,3837.0
416.png,2603.0,4488.0,4488.0,4488.0
417.png,317.0,3337.0,3337.0,3337.0
418.png,3627.0,9683.0,9683.0,9683.0
419.png,970.0,3118.0,3118.0,3118.0
420.png,1.0,1868.0,1868.0,1868.0
421.png,7.0,2422.0,2422.0,2422.0
422.png,0.0,1254.0,1254.0,1254.0
423.png,1960.0,3870.0,3870.0,3870.0
424.png,0.0,1477.0,1477.0,1477.0
428.png,1782.0,5060.0,5060.0,5060.0
426.png,0.0,1064.0,1064.0,1064.0
429.png,0.0,1366.0,1366.0,1366.0
427.png,818.0,3667.0,3667.0,3667.0
425.png,0.0,2038.0,2038.0,2038.0
431.png,2057.0,8800.0,8800.0,8800.0
430.png,0.0,2668.0,2668.0,2668.0
433.png,970.0,3118.0,3118.0,3118.0
434.png,1074.0,3019.0,3019.0,3019.0
435.png,0.0,2213.0,2213.0,2213.0
432.png,0.0,2616.0,2616.0,2616.0
437.png,3418.0,5937.0,5937.0,5937.0
438.png,974.0,3132.0,3132.0,3132.0
440.png,54.0,3566.0,3566.0,3566.0
439.png,2055.0,6915.0,6915.0,6915.0
436.png,900.0,2707.0,2707.0,2707.0
442.png,0.0,2122.0,2122.0,2122.0
445.png,833.0,4665.0,4665.0,4665.0
443.png,0.0,1331.0,1331.0,1331.0
444.png,1235.0,3462.0,3462.0,3462.0
441.png,119.0,2402.0,2402.0,2402.0
448.png,892.0,3211.0,3211.0,3211.0
447.png,868.0,3775.0,3775.0,3775.0
451.png,193.0,1769.0,1769.0,1769.0
446.png,18.0,4791.0,4791.0,4791.0
449.png,0.0,2013.0,2013.0,2013.0
450.png,32.0,2635.0,2635.0,2635.0
453.png,584.0,2836.0,2836.0,2836.0
452.png,0.0,941.0,941.0,941.0
456.png,0.0,1813.0,1813.0,1813.0
455.png,0.0,1244.0,1244.0,1244.0
457.png,96.0,2803.0,2803.0,2803.0
454.png,1.0,1306.0,1306.0,1306.0
460.png,1366.0,7940.0,7940.0,7940.0
463.png,2581.0,5424.0,5424.0,5424.0
459.png,56.0,1745.0,1745.0,1745.0
458.png,2427.0,4506.0,4506.0,4506.0
461.png,698.0,1821.0,1821.0,1821.0
462.png,1938.0,6441.0,6441.0,6441.0
464.png,251.0,2360.0,2360.0,2360.0
469.png,0.0,3291.0,3291.0,3291.0
465.png,0.0,1438.0,1438.0,1438.0
466.png,2694.0,4767.0,4767.0,4767.0
467.png,2866.0,6625.0,6625.0,6625.0
468.png,3021.0,4814.0,4814.0,4814.0
474.png,834.0,2412.0,2412.0,2412.0
470.png,32.0,2834.0,2834.0,2834.0
473.png,0.0,3034.0,3034.0,3034.0
471.png,1.0,1681.0,1681.0,1681.0
475.png,1.0,1631.0,1631.0,1631.0
472.png,0.0,1374.0,1374.0,1374.0
481.png,300.0,3171.0,3171.0,3171.0
479.png,0.0,2123.0,2123.0,2123.0
480.png,0.0,2608.0,2608.0,2608.0
478.png,3509.0,6554.0,6554.0,6554.0
476.png,1921.0,4270.0,4270.0,4270.0
477.png,1130.0,4848.0,4848.0,4848.0
483.png,851.0,6231.0,6231.0,6231.0
482.png,0.0,984.0,984.0,984.0
485.png,0.0,2200.0,2200.0,2200.0
487.png,1.0,1469.0,1469.0,1469.0
484.png,128.0,3384.0,3384.0,3384.0
486.png,0.0,1941.0,1941.0,1941.0
493.png,924.0,2658.0,2658.0,2658.0
492.png,313.0,2009.0,2009.0,2009.0
488.png,0.0,829.0,829.0,829.0
489.png,941.0,4287.0,4287.0,4287.0
490.png,0.0,3114.0,3114.0,3114.0
491.png,104.0,2744.0,2744.0,2744.0
494.png,428.0,2286.0,2286.0,2286.0
496.png,251.0,2559.0,2559.0,2559.0
495.png,789.0,5066.0,5066.0,5066.0
550.png,1025.0,2160.0,2160.0,2160.0
547.png,0.0,418.0,418.0,418.0
551.png,0.0,1069.0,1069.0,1069.0
546.png,0.0,525.0,525.0,525.0
552.png,0.0,667.0,667.0,667.0
548.png,0.0,656.0,656.0,656.0
549.png,0.0,493.0,493.0,493.0
