,Jac_modA,Jac_modB,Jac_modC,Jac_ensamble,DSC_modA,DSC_modB,DSC_modC,DSC_ensamble,placa
78.png,0.7429,0.8971,0.9164,0.904,0.8525,0.9458,0.9564,0.9496,1
45.png,0.6445,0.9244,0.9395,0.9277,0.7838,0.9607,0.9688,0.9625,1
237.png,0.5698,0.6705,0.7859,0.7255,0.726,0.8028,0.8801,0.8409,1
83.png,0.5093,0.8108,0.7153,0.8002,0.6747,0.8955,0.834,0.889,1
96.png,0.152,0.7943,0.8608,0.8125,0.2639,0.8854,0.9252,0.8965,1
259.png,0.5778,0.8107,0.8424,0.832,0.7324,0.8955,0.9145,0.9083,1
47.png,0.6858,0.5926,0.8938,0.7206,0.8136,0.7442,0.9439,0.8376,1
25.png,0.546,0.1903,0.8039,0.5577,0.7064,0.3198,0.8913,0.7161,1
91.png,0.5778,0.9021,0.8542,0.8901,0.7324,0.9485,0.9214,0.9419,1
106.png,0.0548,0.2734,0.0003,0.0762,0.1038,0.4293,0.0003,0.1413,1
102.png,0.7457,0.6526,0.8891,0.8211,0.8543,0.7898,0.9413,0.9018,1
56.png,0.0006,0.8716,0.0093,0.0284,0.0009,0.9314,0.0183,0.0549,1
110.png,0.5094,0.2559,0.6543,0.6517,0.6749,0.4075,0.791,0.7891,1
146.png,0.4668,0.5433,0.5485,0.5608,0.6364,0.704,0.7084,0.7186,1
80.png,0.5222,0.215,0.8583,0.5905,0.6861,0.3538,0.9237,0.7426,1
207.png,0.4829,0.0016,0.0374,0.0376,0.651,0.0016,0.0706,0.0711,1
206.png,0.7031,0.0004,0.4322,0.4345,0.8257,0.0004,0.6034,0.6057,1
217.png,0.0006,0.0006,0.0006,0.0006,0.0006,0.0006,0.0006,0.0006,1
239.png,0.6527,0.8975,0.8316,0.8598,0.7898,0.946,0.908,0.9246,1
233.png,0.1276,0.8532,0.8136,0.8618,0.2262,0.9208,0.8972,0.9258,1
169.png,0.3588,0.8159,0.8104,0.8075,0.5281,0.8986,0.8953,0.8935,1
175.png,0.5923,0.6967,0.7916,0.7506,0.7439,0.8212,0.8837,0.8576,1
135.png,0.7701,0.5593,0.8527,0.7854,0.8701,0.7174,0.9205,0.8798,1
111.png,0.8219,0.7287,0.8219,0.8321,0.9022,0.843,0.9022,0.9084,1
113.png,0.6658,0.8771,0.7492,0.8605,0.7993,0.9345,0.8566,0.925,1
126.png,0.6782,0.9053,0.814,0.9115,0.8082,0.9503,0.8974,0.9537,1
253.png,0.4621,0.6762,0.529,0.5335,0.6321,0.8068,0.6919,0.6958,1
15.png,0.2889,0.7867,0.1919,0.3235,0.4482,0.8806,0.3219,0.4888,1
137.png,0.2753,0.4401,0.5719,0.5033,0.4317,0.6111,0.7276,0.6696,1
2.png,0.4689,0.8876,0.9041,0.9078,0.6384,0.9404,0.9496,0.9516,1
180.png,0.4479,0.5269,0.6459,0.5607,0.6187,0.6902,0.7849,0.7185,1
151.png,0.3531,0.8473,0.8402,0.8338,0.5219,0.9173,0.9132,0.9094,1
213.png,0.1973,0.0004,0.0032,0.0004,0.3293,0.0004,0.006,0.0004,1
166.png,0.2766,0.8813,0.5131,0.5642,0.4333,0.9369,0.6782,0.7214,1
248.png,0.7215,0.8984,0.5147,0.7971,0.8382,0.9465,0.6796,0.8871,1
188.png,0.4119,0.8707,0.3709,0.4726,0.5835,0.9309,0.5411,0.6419,1
150.png,0.7466,0.5808,0.606,0.6903,0.8549,0.7348,0.7546,0.8168,1
211.png,0.1663,0.2701,0.6066,0.287,0.2849,0.4252,0.7551,0.4459,1
174.png,0.7626,0.9113,0.8646,0.9068,0.8653,0.9536,0.9274,0.9511,1
127.png,0.8149,0.8798,0.8701,0.8653,0.898,0.9361,0.9305,0.9278,1
161.png,0.526,0.514,0.8265,0.6337,0.6894,0.679,0.905,0.7758,1
235.png,0.7022,0.8084,0.6819,0.8132,0.825,0.8941,0.8109,0.8969,1
214.png,0.0016,0.0023,0.0007,0.0022,0.0016,0.0023,0.0007,0.0022,1
147.png,0.7098,0.88,0.9348,0.883,0.8303,0.9362,0.9663,0.9379,1
104.png,0.5541,0.8784,0.8619,0.8754,0.713,0.9353,0.9258,0.9335,1
152.png,0.2269,0.1991,0.6918,0.2383,0.3699,0.332,0.8178,0.3849,1
192.png,0.3406,0.75,0.7504,0.7566,0.5081,0.8571,0.8574,0.8614,1
19.png,0.5088,0.8754,0.8722,0.8958,0.6744,0.9336,0.9317,0.945,1
244.png,0.7456,0.8416,0.9037,0.8665,0.8543,0.914,0.9494,0.9285,1
23.png,0.6971,0.8704,0.7151,0.8274,0.8215,0.9307,0.8339,0.9056,1
212.png,0.3815,0.1776,0.3801,0.2064,0.5521,0.3013,0.5507,0.3419,1
183.png,0.2431,0.5603,0.6881,0.5427,0.3911,0.7182,0.8153,0.7036,1
105.png,0.5389,0.8498,0.723,0.7913,0.7004,0.9188,0.8392,0.8835,1
142.png,0.4655,0.7384,0.8223,0.8415,0.6352,0.8495,0.9025,0.9139,1
140.png,0.5,0.808,0.3917,0.6026,0.6666,0.8938,0.5629,0.752,1
186.png,0.6876,0.9,0.8486,0.8711,0.8149,0.9474,0.9181,0.9311,1
13.png,0.4416,0.8135,0.448,0.5283,0.6126,0.8972,0.6188,0.6913,1
159.png,0.6284,0.8891,0.2315,0.7609,0.7718,0.9413,0.3759,0.8642,1
219.png,0.0004,0.0004,0.0004,0.0004,0.0004,0.0004,0.0004,0.0004,1
14.png,0.7096,0.3642,0.882,0.8913,0.8301,0.5339,0.9373,0.9425,1
249.png,0.4329,0.5349,0.4884,0.5411,0.6042,0.697,0.6562,0.7022,1
116.png,0.2733,0.7147,0.7828,0.7887,0.4292,0.8335,0.8781,0.8819,1
252.png,0.7628,0.7522,0.7726,0.8022,0.8655,0.8586,0.8717,0.8902,1
181.png,0.7484,0.8459,0.5678,0.8105,0.8561,0.9165,0.7243,0.8953,1
125.png,0.318,0.7489,0.3811,0.5054,0.4826,0.8564,0.5518,0.6714,1
250.png,0.7346,0.9205,0.9224,0.918,0.847,0.9586,0.9596,0.9572,1
154.png,0.7581,0.891,0.8787,0.8967,0.8624,0.9424,0.9354,0.9455,1
107.png,0.6593,0.812,0.8312,0.8205,0.7947,0.8963,0.9078,0.9014,1
148.png,0.1316,0.5852,0.6154,0.5861,0.2325,0.7383,0.7619,0.7391,1
177.png,0.7557,0.8725,0.7557,0.8943,0.8609,0.9319,0.8608,0.9442,1
120.png,0.7313,0.7666,0.8537,0.8216,0.8447,0.8679,0.921,0.902,1
179.png,0.6568,0.8707,0.8115,0.8433,0.7928,0.9309,0.8959,0.915,1
185.png,0.5205,0.9109,0.8514,0.8554,0.6846,0.9534,0.9197,0.922,1
20.png,0.4508,0.7538,0.7652,0.8201,0.6214,0.8596,0.867,0.9012,1
241.png,0.7458,0.8483,0.5664,0.8141,0.8544,0.9179,0.7232,0.8975,1
182.png,0.8127,0.8834,0.8879,0.8923,0.8967,0.9381,0.9406,0.9431,1
242.png,0.8083,0.8996,0.8797,0.888,0.894,0.9472,0.936,0.9406,1
178.png,0.6367,0.8541,0.8689,0.8802,0.778,0.9213,0.9299,0.9363,1
190.png,0.6049,0.7492,0.8432,0.7532,0.7538,0.8566,0.9149,0.8592,1
12.png,0.2471,0.8518,0.2508,0.5685,0.3963,0.9199,0.401,0.7248,1
108.png,0.6641,0.8759,0.9088,0.9201,0.7981,0.9338,0.9522,0.9584,1
117.png,0.6566,0.8865,0.7002,0.7929,0.7927,0.9398,0.8237,0.8845,1
216.png,0.3308,0.0007,0.159,0.1445,0.4969,0.0007,0.274,0.2521,1
16.png,0.6838,0.5353,0.8517,0.7883,0.8122,0.6973,0.9199,0.8816,1
139.png,0.7022,0.8779,0.5635,0.8064,0.825,0.935,0.7208,0.8928,1
130.png,0.5727,0.8803,0.8962,0.8906,0.7283,0.9363,0.9453,0.9421,1
10.png,0.3669,0.0001,0.7199,0.3763,0.5368,0.0001,0.8371,0.5468,1
123.png,0.62,0.6953,0.887,0.8335,0.7654,0.8203,0.9401,0.9092,1
112.png,0.5927,0.8397,0.8065,0.8154,0.7443,0.9128,0.8929,0.8983,1
172.png,0.3019,0.8546,0.8848,0.8557,0.4638,0.9216,0.9389,0.9223,1
119.png,0.5406,0.8396,0.8553,0.8535,0.7018,0.9128,0.922,0.921,1
134.png,0.3997,0.4846,0.8477,0.513,0.5711,0.6528,0.9176,0.6781,1
153.png,0.4897,0.7568,0.8288,0.7899,0.6575,0.8616,0.9064,0.8826,1
191.png,0.7346,0.9205,0.9224,0.918,0.847,0.9586,0.9596,0.9572,1
238.png,0.581,0.7596,0.7802,0.7872,0.7349,0.8634,0.8765,0.8809,1
143.png,0.3789,0.8556,0.4201,0.5111,0.5496,0.9222,0.5916,0.6765,1
129.png,0.619,0.8507,0.4407,0.8501,0.7646,0.9193,0.6118,0.919,1
246.png,0.7193,0.8926,0.884,0.9047,0.8367,0.9433,0.9384,0.95,1
209.png,0.001,0.0015,0.0015,0.0015,0.001,0.0015,0.0015,0.0015,1
114.png,0.6541,0.8374,0.8167,0.8278,0.7908,0.9115,0.8991,0.9058,1
208.png,0.0007,0.0621,0.0006,0.0007,0.0007,0.1163,0.0006,0.0007,1
101.png,0.5246,0.851,0.8872,0.8749,0.6882,0.9195,0.9402,0.9333,1
145.png,0.7163,0.866,0.8654,0.8641,0.8347,0.9282,0.9278,0.9271,1
158.png,0.8665,0.8795,0.8745,0.9098,0.9285,0.9359,0.9331,0.9528,1
155.png,0.6686,0.8982,0.929,0.9323,0.8014,0.9464,0.9632,0.965,1
100.png,0.4627,0.6982,0.6758,0.6576,0.6327,0.8223,0.8065,0.7934,1
215.png,0.3615,0.5679,0.7522,0.6239,0.531,0.7244,0.8585,0.7684,1
138.png,0.7447,0.9023,0.2884,0.8838,0.8537,0.9486,0.4477,0.9383,1
118.png,0.6483,0.859,0.9016,0.8721,0.7866,0.9242,0.9482,0.9317,1
136.png,0.3699,0.2628,0.7415,0.4619,0.54,0.4162,0.8515,0.6319,1
210.png,0.4871,0.0022,0.5417,0.618,0.6548,0.0022,0.7025,0.7637,1
168.png,0.138,0.8413,0.7998,0.8429,0.2425,0.9138,0.8888,0.9147,1
131.png,0.0002,0.7978,0.8754,0.7872,0.0002,0.8875,0.9335,0.8809,1
18.png,0.1033,0.7185,0.5903,0.5887,0.1873,0.8362,0.7424,0.7411,1
24.png,0.4602,0.8822,0.8611,0.8626,0.6303,0.9374,0.9254,0.9262,1
164.png,0.3319,0.8368,0.8224,0.8011,0.4984,0.9111,0.9025,0.8896,1
170.png,0.4469,0.8468,0.8516,0.8212,0.6178,0.917,0.9198,0.9018,1
245.png,0.5205,0.9109,0.8514,0.8554,0.6846,0.9534,0.9197,0.922,1
189.png,0.6641,0.8856,0.4682,0.7306,0.7982,0.9393,0.6378,0.8443,1
232.png,0.4924,0.8448,0.8237,0.8402,0.6599,0.9159,0.9033,0.9132,1
240.png,0.4149,0.5073,0.6001,0.5263,0.5865,0.6731,0.75,0.6897,1
121.png,0.668,0.867,0.8058,0.84,0.801,0.9288,0.8925,0.913,1
115.png,0.2743,0.8487,0.8519,0.8275,0.4304,0.9181,0.92,0.9056,1
255.png,0.3941,0.7519,0.7785,0.7807,0.5654,0.8584,0.8755,0.8769,1
236.png,0.7626,0.9113,0.8646,0.9068,0.8653,0.9536,0.9274,0.9511,1
157.png,0.4069,0.8712,0.8602,0.8648,0.5784,0.9312,0.9248,0.9275,1
149.png,0.6397,0.8407,0.8676,0.8485,0.7803,0.9135,0.9291,0.918,1
160.png,0.8196,0.8985,0.8677,0.8996,0.9009,0.9465,0.9292,0.9472,1
144.png,0.5933,0.805,0.8196,0.832,0.7447,0.892,0.9009,0.9083,1
11.png,0.3985,0.2812,0.677,0.4557,0.5699,0.4389,0.8074,0.6261,1
156.png,0.4469,0.7096,0.7437,0.7298,0.6177,0.8302,0.853,0.8438,1
184.png,0.7463,0.784,0.8761,0.8302,0.8547,0.8789,0.9339,0.9072,1
132.png,0.4855,0.861,0.8834,0.8671,0.6536,0.9253,0.9381,0.9288,1
128.png,0.3509,0.0002,0.5834,0.5083,0.5194,0.0002,0.7369,0.674,1
163.png,0.3441,0.8471,0.2214,0.4417,0.5121,0.9172,0.3625,0.6128,1
124.png,0.3348,0.882,0.8614,0.8782,0.5017,0.9373,0.9255,0.9351,1
162.png,0.4017,0.75,0.7721,0.7505,0.5731,0.8571,0.8714,0.8575,1
234.png,0.4966,0.4934,0.4865,0.5048,0.6636,0.6608,0.6546,0.6709,1
1.png,0.6334,0.3998,0.8612,0.8343,0.7755,0.5712,0.9254,0.9096,1
133.png,0.2995,0.825,0.7706,0.7842,0.4609,0.9041,0.8704,0.879,1
122.png,0.1288,0.3812,0.7897,0.5103,0.2281,0.552,0.8825,0.6757,1
17.png,0.7414,0.8818,0.8582,0.8708,0.8515,0.9372,0.9237,0.9309,1
103.png,0.7037,0.8847,0.7405,0.8047,0.8261,0.9388,0.8509,0.8918,1
218.png,0.2902,0.0002,0.0002,0.0002,0.4498,0.0002,0.0002,0.0002,1
251.png,0.1744,0.8202,0.4182,0.5289,0.297,0.9012,0.5897,0.6918,1
171.png,0.1422,0.8162,0.7937,0.8308,0.249,0.8988,0.885,0.9076,1
254.png,0.5652,0.3786,0.6616,0.6104,0.7222,0.5492,0.7963,0.7581,1
109.png,0.6129,0.873,0.8542,0.8938,0.76,0.9322,0.9214,0.9439,1
165.png,0.6827,0.846,0.7108,0.8394,0.8114,0.9166,0.8309,0.9127,1
268.png,0.4771,0.515,0.4385,0.5606,0.6459,0.6799,0.6096,0.7184,1
265.png,0.685,0.1496,0.8592,0.7023,0.8131,0.2601,0.9243,0.8251,1
44.png,0.6534,0.4175,0.6848,0.754,0.7904,0.5891,0.8129,0.8597,1
261.png,0.3264,0.776,0.6933,0.7216,0.4922,0.8738,0.8188,0.8383,1
37.png,0.627,0.8294,0.8149,0.8242,0.7708,0.9067,0.898,0.9036,1
79.png,0.4692,0.8155,0.7902,0.8113,0.6387,0.8984,0.8828,0.8958,1
277.png,0.3372,0.7426,0.7431,0.749,0.5043,0.8523,0.8526,0.8565,1
58.png,0.6068,0.8563,0.6993,0.8498,0.7553,0.9226,0.823,0.9188,1
53.png,0.6856,0.8757,0.649,0.8554,0.8134,0.9337,0.7872,0.922,1
57.png,0.5573,0.8003,0.346,0.5915,0.7157,0.8891,0.5141,0.7433,1
55.png,0.504,0.8829,0.866,0.8805,0.6702,0.9378,0.9282,0.9364,1
287.png,0.6291,0.42,0.8659,0.7692,0.7723,0.5915,0.9281,0.8696,1
8.png,0.3602,0.3327,0.9284,0.6027,0.5296,0.4993,0.9629,0.7521,1
276.png,0.3778,0.7224,0.7248,0.7307,0.5484,0.8388,0.8404,0.8443,1
35.png,0.1774,0.8576,0.8912,0.8669,0.3013,0.9233,0.9424,0.9287,1
300.png,0.3707,0.7342,0.8914,0.7937,0.5408,0.8467,0.9426,0.885,1
84.png,0.2104,0.8623,0.7022,0.8776,0.3475,0.926,0.8251,0.9348,1
43.png,0.6939,0.845,0.8333,0.8294,0.8193,0.916,0.909,0.9068,1
9.png,0.839,0.8755,0.8838,0.8812,0.9125,0.9336,0.9383,0.9368,1
30.png,0.6169,0.8283,0.719,0.7816,0.763,0.9061,0.8365,0.8774,1
51.png,0.1234,0.8144,0.0847,0.3112,0.2197,0.8977,0.1561,0.4747,1
27.png,0.6237,0.1247,0.824,0.7459,0.7682,0.2217,0.9035,0.8544,1
7.png,0.5887,0.6974,0.8798,0.7331,0.7411,0.8217,0.9361,0.846,1
275.png,0.6323,0.8582,0.8078,0.8203,0.7747,0.9237,0.8937,0.9013,1
26.png,0.4265,0.8369,0.7152,0.8468,0.5979,0.9112,0.834,0.9171,1
294.png,0.5879,0.8359,0.8067,0.8557,0.7404,0.9106,0.893,0.9222,1
42.png,0.2344,0.8338,0.8322,0.8642,0.3797,0.9094,0.9084,0.9272,1
76.png,0.6108,0.9187,0.4032,0.7285,0.7584,0.9576,0.5747,0.8429,1
286.png,0.3575,0.7461,0.7883,0.7335,0.5266,0.8546,0.8816,0.8463,1
71.png,0.7198,0.8423,0.6227,0.7494,0.8371,0.9144,0.7674,0.8567,1
272.png,0.6873,0.8733,0.8146,0.8223,0.8147,0.9323,0.8978,0.9025,1
296.png,0.5476,0.8484,0.8583,0.8479,0.7076,0.918,0.9238,0.9177,1
68.png,0.668,0.6305,0.6165,0.7118,0.801,0.7734,0.7628,0.8316,1
5.png,0.431,0.3516,0.8694,0.6655,0.6024,0.5202,0.9301,0.7991,1
63.png,0.5613,0.7107,0.7047,0.6986,0.719,0.8309,0.8268,0.8226,1
273.png,0.5048,0.8884,0.7136,0.7467,0.6709,0.9409,0.8328,0.855,1
32.png,0.2808,0.8868,0.9065,0.8875,0.4385,0.94,0.951,0.9404,1
28.png,0.5765,0.3147,0.8483,0.7084,0.7314,0.4787,0.9179,0.8293,1
289.png,0.4137,0.7379,0.6912,0.6802,0.5853,0.8492,0.8174,0.8096,1
86.png,0.4415,0.721,0.789,0.7747,0.6125,0.8379,0.882,0.8731,1
293.png,0.6495,0.8594,0.6172,0.8268,0.7875,0.9244,0.7633,0.9052,1
288.png,0.7745,0.9052,0.6815,0.858,0.8729,0.9502,0.8106,0.9236,1
93.png,0.8295,0.8909,0.8824,0.8833,0.9068,0.9423,0.9375,0.938,1
3.png,0.7868,0.8528,0.9086,0.8722,0.8807,0.9205,0.9521,0.9317,1
59.png,0.2914,0.8665,0.7697,0.8378,0.4513,0.9285,0.8699,0.9117,1
285.png,0.5822,0.8763,0.819,0.8649,0.7359,0.934,0.9005,0.9275,1
257.png,0.4658,0.2971,0.3943,0.385,0.6355,0.4581,0.5656,0.556,1
88.png,0.5587,0.7508,0.7804,0.7657,0.7168,0.8577,0.8767,0.8673,1
266.png,0.3429,0.7939,0.8071,0.8214,0.5106,0.8851,0.8933,0.9019,1
65.png,0.5774,0.9001,0.899,0.8957,0.732,0.9474,0.9468,0.945,1
39.png,0.2078,0.76,0.7242,0.7037,0.3441,0.8636,0.84,0.8261,1
284.png,0.2455,0.8558,0.8278,0.8576,0.3942,0.9223,0.9058,0.9234,1
75.png,0.4012,0.8604,0.8628,0.8515,0.5726,0.9249,0.9263,0.9198,1
283.png,0.3782,0.8702,0.8698,0.8548,0.5489,0.9306,0.9304,0.9217,1
40.png,0.7076,0.8791,0.7559,0.8909,0.8287,0.9356,0.861,0.9423,1
295.png,0.6853,0.898,0.8649,0.8779,0.8132,0.9462,0.9275,0.935,1
81.png,0.5722,0.0001,0.9109,0.6481,0.7279,0.0001,0.9534,0.7865,1
60.png,0.2834,0.6741,0.7827,0.7668,0.4416,0.8053,0.8781,0.868,1
48.png,0.5237,0.8839,0.7728,0.8482,0.6874,0.9384,0.8718,0.9179,1
280.png,0.6122,0.5476,0.8332,0.7089,0.7594,0.7077,0.909,0.8297,1
270.png,0.215,0.2645,0.6702,0.3612,0.3538,0.4183,0.8025,0.5307,1
6.png,0.394,0.3388,0.7366,0.511,0.5652,0.5061,0.8483,0.6763,1
70.png,0.3438,0.9025,0.6892,0.7241,0.5117,0.9487,0.816,0.84,1
89.png,0.5286,0.7702,0.7747,0.7653,0.6916,0.8702,0.8731,0.867,1
54.png,0.6091,0.8735,0.8304,0.8805,0.7571,0.9325,0.9073,0.9365,1
298.png,0.6081,0.8454,0.8635,0.8555,0.7563,0.9162,0.9267,0.9221,1
73.png,0.6223,0.8472,0.8414,0.85,0.7672,0.9173,0.9139,0.9189,1
291.png,0.644,0.6305,0.8599,0.719,0.7835,0.7734,0.9246,0.8365,1
269.png,0.5538,0.0271,0.628,0.613,0.7128,0.0526,0.7715,0.7601,1
29.png,0.287,0.8376,0.2419,0.497,0.446,0.9116,0.3895,0.6639,1
281.png,0.3601,0.183,0.7399,0.4348,0.5295,0.3094,0.8505,0.6061,1
82.png,0.8418,0.9123,0.8686,0.9067,0.9141,0.9542,0.9297,0.9511,1
66.png,0.759,0.881,0.7788,0.8975,0.863,0.9368,0.8756,0.946,1
33.png,0.0002,0.0004,0.0004,0.0004,0.0002,0.0004,0.0004,0.0004,1
50.png,0.1609,0.8671,0.7648,0.7853,0.2772,0.9288,0.8667,0.8797,1
52.png,0.383,0.8475,0.3708,0.6419,0.5538,0.9175,0.541,0.7819,1
85.png,0.3035,0.8614,0.8559,0.8524,0.4657,0.9256,0.9224,0.9203,1
271.png,0.5894,0.8274,0.8449,0.8331,0.7417,0.9056,0.9159,0.909,1
4.png,0.6129,0.8868,0.6961,0.7553,0.76,0.94,0.8208,0.8606,1
263.png,0.4928,0.0862,0.8255,0.5611,0.6602,0.1587,0.9044,0.7188,1
299.png,0.6389,0.8307,0.8742,0.8375,0.7797,0.9075,0.9329,0.9116,1
274.png,0.5766,0.7701,0.7547,0.7834,0.7315,0.8701,0.8602,0.8785,1
31.png,0.4578,0.5656,0.4389,0.602,0.628,0.7225,0.61,0.7515,1
61.png,0.3304,0.79,0.7744,0.7915,0.4966,0.8827,0.8729,0.8836,1
38.png,0.1844,0.8962,0.128,0.2114,0.3114,0.9453,0.227,0.3489,1
36.png,0.234,0.0234,0.6809,0.2432,0.3792,0.0456,0.8102,0.3912,1
292.png,0.5721,0.692,0.7556,0.6925,0.7278,0.818,0.8608,0.8183,1
90.png,0.3319,0.8238,0.8681,0.8396,0.4984,0.9034,0.9294,0.9128,1
49.png,0.5406,0.8266,0.7074,0.7722,0.7018,0.9051,0.8286,0.8715,1
297.png,0.4307,0.3477,0.7296,0.6633,0.602,0.5159,0.8436,0.7975,1
77.png,0.4214,0.7994,0.4067,0.5698,0.5929,0.8885,0.5782,0.7259,1
74.png,0.3255,0.8425,0.7308,0.6977,0.4911,0.9145,0.8444,0.8219,1
278.png,0.6323,0.8577,0.7802,0.8154,0.7748,0.9234,0.8765,0.8983,1
34.png,0.3115,0.5082,0.4299,0.5233,0.4749,0.6739,0.6013,0.687,1
46.png,0.6249,0.8997,0.9112,0.9096,0.7691,0.9472,0.9535,0.9526,1
64.png,0.6068,0.2297,0.7981,0.5962,0.7553,0.3735,0.8877,0.747,1
41.png,0.0005,0.7106,0.8649,0.7106,0.0005,0.8308,0.9275,0.8308,1
279.png,0.7161,0.8532,0.8822,0.9084,0.8346,0.9208,0.9374,0.952,1
258.png,0.6951,0.8777,0.8378,0.8777,0.8201,0.9348,0.9118,0.9349,1
262.png,0.5893,0.7726,0.4586,0.7284,0.7416,0.8717,0.6287,0.8428,1
62.png,0.5082,0.8112,0.8155,0.8257,0.6739,0.8958,0.8983,0.9045,1
264.png,0.4362,0.8017,0.0281,0.4329,0.6074,0.8899,0.0546,0.6041,1
260.png,0.5617,0.8505,0.5259,0.7067,0.7193,0.9192,0.6893,0.8282,1
92.png,0.2572,0.0002,0.85,0.4563,0.4091,0.0002,0.9189,0.6265,1
67.png,0.7038,0.8759,0.809,0.8686,0.8261,0.9338,0.8944,0.9297,1
267.png,0.5802,0.8428,0.7248,0.8337,0.7343,0.9147,0.8405,0.9093,1
72.png,0.7061,0.8978,0.8949,0.8892,0.8277,0.9462,0.9445,0.9413,1
69.png,0.39,0.8336,0.3511,0.5328,0.5611,0.9092,0.5197,0.6952,1
87.png,0.6074,0.0002,0.8518,0.6286,0.7557,0.0002,0.9199,0.7719,1
290.png,0.3803,0.8869,0.8944,0.8951,0.551,0.9401,0.9442,0.9446,1
256.png,0.7941,0.8783,0.749,0.8582,0.8852,0.9352,0.8565,0.9237,1
97.png,0.2049,0.8908,0.8902,0.9045,0.34,0.9423,0.9419,0.9498,1
98.png,0.7027,0.7245,0.7736,0.8126,0.8254,0.8402,0.8723,0.8966,1
99.png,0.4679,0.8333,0.72,0.8004,0.6374,0.9091,0.8372,0.8891,1
95.png,0.6367,0.847,0.8212,0.8382,0.778,0.9172,0.9018,0.912,1
94.png,0.5817,0.8243,0.8055,0.8072,0.7356,0.9037,0.8923,0.8933,1
303.png,0.7505,0.7125,0.9106,0.9259,0.8575,0.8321,0.9532,0.9615,1
304.png,0.6129,0.8752,0.7271,0.7475,0.76,0.9334,0.842,0.8555,1
302.png,0.4471,0.728,0.491,0.7249,0.6179,0.8426,0.6585,0.8405,1
301.png,0.6,0.7379,0.6508,0.6825,0.75,0.8492,0.7884,0.8113,1
306.png,0.2467,0.8526,0.795,0.807,0.3957,0.9205,0.8858,0.8932,1
305.png,0.4784,0.8224,0.7363,0.82,0.6472,0.9025,0.8481,0.9011,1
310.png,0.653,0.9007,0.4497,0.7719,0.7901,0.9478,0.6204,0.8712,1
308.png,0.591,0.684,0.8339,0.8297,0.7429,0.8123,0.9094,0.9069,1
309.png,0.6406,0.1473,0.91,0.6968,0.7809,0.2568,0.9529,0.8213,1
307.png,0.5093,0.7821,0.5841,0.635,0.6748,0.8777,0.7374,0.7768,1
312.png,0.4415,0.5683,0.7247,0.628,0.6126,0.7247,0.8403,0.7715,1
311.png,0.7512,0.8992,0.7486,0.8942,0.8579,0.9469,0.8562,0.9441,1
314.png,0.1491,0.5242,0.5705,0.571,0.2594,0.6878,0.7265,0.7269,1
313.png,0.3874,0.839,0.7711,0.7614,0.5584,0.9125,0.8708,0.8645,1
318.png,0.4228,0.825,0.6207,0.7464,0.5943,0.9041,0.7659,0.8548,1
315.png,0.651,0.7376,0.6965,0.7114,0.7886,0.849,0.8211,0.8314,1
316.png,0.7407,0.8652,0.6695,0.8435,0.851,0.9277,0.802,0.9151,1
317.png,0.5111,0.7999,0.7885,0.8038,0.6764,0.8888,0.8817,0.8912,1
320.png,0.4678,0.8054,0.7883,0.8113,0.6374,0.8922,0.8816,0.8958,1
319.png,0.5495,0.555,0.7844,0.6146,0.7093,0.7138,0.8792,0.7613,1
321.png,0.7269,0.8368,0.728,0.8292,0.8418,0.9111,0.8426,0.9066,1
322.png,0.5724,0.8935,0.8568,0.8616,0.728,0.9438,0.9229,0.9257,1
325.png,0.2988,0.8323,0.8481,0.8429,0.4601,0.9085,0.9178,0.9147,1
324.png,0.3421,0.8574,0.8481,0.8694,0.5098,0.9232,0.9178,0.9301,1
323.png,0.7997,0.8588,0.6104,0.8486,0.8887,0.9241,0.7581,0.9181,1
329.png,0.6271,0.8565,0.9374,0.881,0.7708,0.9227,0.9677,0.9367,1
327.png,0.3505,0.2027,0.8331,0.5122,0.519,0.337,0.909,0.6774,1
328.png,0.3963,0.7319,0.7829,0.7242,0.5676,0.8452,0.8782,0.84,1
326.png,0.2109,0.7529,0.7493,0.758,0.3483,0.859,0.8567,0.8624,1
331.png,0.6441,0.8201,0.809,0.7903,0.7835,0.9012,0.8944,0.8829,1
333.png,0.5413,0.8484,0.6968,0.787,0.7024,0.918,0.8213,0.8808,1
332.png,0.5442,0.7525,0.7638,0.7354,0.7048,0.8588,0.8661,0.8475,1
330.png,0.5154,0.7598,0.5313,0.5988,0.6802,0.8635,0.6939,0.749,1
335.png,0.6877,0.8703,0.8632,0.8532,0.8149,0.9306,0.9266,0.9208,1
336.png,0.3056,0.8348,0.8328,0.8047,0.4681,0.9099,0.9087,0.8918,1
334.png,0.1095,0.8301,0.8072,0.8259,0.1972,0.9072,0.8933,0.9046,1
337.png,0.1378,0.8555,0.7757,0.7819,0.2422,0.9221,0.8737,0.8776,1
340.png,0.6365,0.8518,0.8292,0.8305,0.7779,0.9199,0.9066,0.9074,1
338.png,0.5703,0.9057,0.3954,0.8112,0.7263,0.9505,0.5667,0.8957,1
341.png,0.0558,0.8194,0.8439,0.7997,0.1056,0.9007,0.9154,0.8887,1
339.png,0.0001,0.5508,0.2148,0.2005,0.0001,0.7103,0.3536,0.334,1
343.png,0.4498,0.3335,0.7589,0.5813,0.6204,0.5001,0.8629,0.7352,1
344.png,0.5859,0.8283,0.8316,0.8247,0.7388,0.9061,0.908,0.9039,1
342.png,0.3276,0.7043,0.5422,0.5748,0.4935,0.8265,0.7031,0.7299,1
346.png,0.8145,0.9004,0.6179,0.8121,0.8978,0.9476,0.7638,0.8963,1
345.png,0.6274,0.8033,0.8139,0.8132,0.7711,0.8909,0.8974,0.897,1
349.png,0.2621,0.8605,0.2312,0.2964,0.4153,0.925,0.3755,0.4572,1
347.png,0.6915,0.9108,0.8737,0.8921,0.8176,0.9533,0.9326,0.943,1
348.png,0.5237,0.7172,0.6342,0.6936,0.6874,0.8353,0.7762,0.8191,1
351.png,0.6048,0.8684,0.8789,0.8891,0.7537,0.9296,0.9356,0.9413,1
350.png,0.7588,0.8854,0.8685,0.8825,0.8629,0.9392,0.9296,0.9376,1
